"Latest: Time (s)","Latest: Temperature (°C)"
0,23.8120158985
0.5,23.8120158985
1,23.8120158985
1.5,23.8745158995
2,23.9370159004
2.5,23.9370159004
3,23.9995159013
3.5,23.9995159013
4,24.0620159023
4.5,24.0620159023
5,24.0620159023
5.5,24.1245159032
6,24.1245159032
6.5,24.1245159032
7,24.1870159041
7.5,24.1870159041
8,24.1870159041
8.5,24.1870159041
9,24.1870159041
9.5,24.1870159041
10,24.1870159041
10.5,24.249515905
11,24.249515905
11.5,24.249515905
12,24.249515905
12.5,24.249515905
13,24.249515905
13.5,24.249515905
14,24.249515905
14.5,24.249515905
15,24.249515905
15.5,24.249515905
16,24.249515905
16.5,24.249515905
17,24.249515905
17.5,24.249515905
18,24.249515905
18.5,24.249515905
19,24.249515905
19.5,24.249515905
20,24.249515905
20.5,24.249515905
21,24.249515905
21.5,24.249515905
22,24.249515905
22.5,24.249515905
23,24.249515905
23.5,24.249515905
24,24.249515905
24.5,24.249515905
25,24.249515905
25.5,24.249515905
26,24.249515905
26.5,24.249515905
27,24.249515905
27.5,24.249515905
28,24.249515905
28.5,24.249515905
29,24.249515905
29.5,24.249515905
30,24.249515905
30.5,24.249515905
31,24.249515905
31.5,24.249515905
32,24.249515905
32.5,24.249515905
33,24.249515905
33.5,24.249515905
34,24.249515905
34.5,24.249515905
35,24.249515905
35.5,24.249515905
36,24.249515905
36.5,24.249515905
37,24.249515905
37.5,24.249515905
38,24.249515905
38.5,24.249515905
39,24.249515905
39.5,24.249515905
40,24.249515905
40.5,24.249515905
41,24.249515905
41.5,24.249515905
42,24.249515905
42.5,24.249515905
43,24.249515905
43.5,24.249515905
44,24.249515905
44.5,24.249515905
45,24.249515905
45.5,24.249515905
46,24.249515905
46.5,24.249515905
47,24.249515905
47.5,24.249515905
48,24.249515905
48.5,24.249515905
49,24.249515905
49.5,24.249515905
50,24.249515905
50.5,24.249515905
51,24.249515905
51.5,24.249515905
52,24.249515905
52.5,24.249515905
53,24.249515905
53.5,24.249515905
54,24.249515905
54.5,24.249515905
55,24.249515905
55.5,24.249515905
56,24.249515905
56.5,24.249515905
57,24.249515905
57.5,24.249515905
58,24.249515905
58.5,24.249515905
59,24.249515905
59.5,24.249515905
60,24.249515905
60.5,24.249515905
61,24.249515905
61.5,24.249515905
62,24.249515905
62.5,24.249515905
63,24.249515905
63.5,24.249515905
64,24.249515905
64.5,24.249515905
65,24.249515905
65.5,24.249515905
66,24.249515905
66.5,24.249515905
67,24.249515905
67.5,24.249515905
68,24.249515905
68.5,24.249515905
69,24.249515905
69.5,24.249515905
70,24.249515905
70.5,24.249515905
71,24.249515905
71.5,24.249515905
72,24.249515905
72.5,24.249515905
73,24.249515905
73.5,24.249515905
74,24.249515905
74.5,24.249515905
75,24.249515905
75.5,24.249515905
76,24.249515905
76.5,24.249515905
77,24.249515905
77.5,24.249515905
78,24.249515905
78.5,24.249515905
79,24.249515905
79.5,24.249515905
80,24.249515905
80.5,24.249515905
81,24.249515905
81.5,24.249515905
82,24.249515905
82.5,24.249515905
83,24.249515905
83.5,24.249515905
84,24.249515905
84.5,24.249515905
85,24.249515905
85.5,24.249515905
86,24.249515905
86.5,24.249515905
87,24.249515905
87.5,24.249515905
88,24.249515905
88.5,24.249515905
89,24.249515905
89.5,24.249515905
90,24.249515905
90.5,24.249515905
91,24.249515905
91.5,24.249515905
92,24.249515905
92.5,24.249515905
93,24.249515905
93.5,24.249515905
94,24.249515905
94.5,24.249515905
95,24.249515905
95.5,24.249515905
96,24.249515905
96.5,24.249515905
97,24.249515905
97.5,24.249515905
98,24.249515905
98.5,24.249515905
99,24.249515905
99.5,24.249515905
100,24.249515905
100.5,24.249515905
101,24.249515905
101.5,24.249515905
102,24.249515905
102.5,24.249515905
103,24.249515905
103.5,24.249515905
104,24.249515905
104.5,24.249515905
105,24.249515905
105.5,24.249515905
106,24.249515905
106.5,24.249515905
107,24.249515905
107.5,24.249515905
108,24.249515905
108.5,24.249515905
109,24.249515905
109.5,24.249515905
110,24.249515905
110.5,24.249515905
111,24.249515905
111.5,24.249515905
112,24.249515905
112.5,24.249515905
113,24.249515905
113.5,24.249515905
114,24.249515905
114.5,24.249515905
115,24.249515905
115.5,24.249515905
116,24.249515905
116.5,24.249515905
117,24.249515905
117.5,24.249515905
118,24.249515905
118.5,24.249515905
119,24.249515905
119.5,24.249515905
120,24.249515905
120.5,24.249515905
121,24.249515905
121.5,24.249515905
122,24.249515905
122.5,24.249515905
123,24.249515905
123.5,24.249515905
124,24.249515905
124.5,24.249515905
125,24.1870159041
125.5,24.249515905
126,24.249515905
126.5,24.249515905
127,24.249515905
127.5,24.249515905
128,24.1870159041
128.5,24.249515905
129,24.249515905
129.5,24.249515905
130,24.249515905
130.5,24.249515905
131,24.249515905
131.5,24.249515905
132,24.249515905
132.5,24.249515905
133,24.249515905
133.5,24.249515905
134,24.1870159041
134.5,24.249515905
135,24.249515905
135.5,24.1870159041
136,24.249515905
136.5,24.249515905
137,24.1870159041
137.5,24.249515905
138,24.1870159041
138.5,24.249515905
139,24.1870159041
139.5,24.249515905
140,24.1870159041
140.5,24.1870159041
141,24.1870159041
141.5,24.1870159041
142,24.1870159041
142.5,24.1870159041
143,24.1870159041
143.5,24.1870159041
144,24.1870159041
144.5,24.1870159041
145,24.1870159041
145.5,24.1870159041
146,24.1870159041
146.5,24.1870159041
147,24.249515905
147.5,24.1870159041
148,24.1870159041
148.5,24.1870159041
149,24.1870159041
149.5,24.1870159041
150,24.1870159041
150.5,24.1870159041
151,24.1870159041
151.5,24.249515905
152,24.1870159041
152.5,24.249515905
153,24.1870159041
153.5,24.1870159041
154,24.1870159041
154.5,24.1870159041
155,24.1870159041
155.5,24.1870159041
156,24.1870159041
156.5,24.1870159041
157,24.1870159041
157.5,24.1870159041
158,24.1870159041
158.5,24.1870159041
159,24.1870159041
159.5,24.1870159041
160,24.1870159041
160.5,24.1870159041
161,24.1870159041
161.5,24.1870159041
162,24.1870159041
162.5,24.1870159041
163,24.1870159041
163.5,24.1870159041
164,24.1870159041
164.5,24.1870159041
165,24.1870159041
165.5,24.1870159041
166,24.1870159041
166.5,24.1870159041
167,24.1870159041
167.5,24.1870159041
168,24.1870159041
168.5,24.1870159041
169,24.1870159041
169.5,24.1870159041
170,24.1870159041
170.5,24.1870159041
171,24.1870159041
171.5,24.1870159041
172,24.1870159041
172.5,24.1870159041
173,24.1870159041
173.5,24.1870159041
174,24.1870159041
174.5,24.1870159041
175,24.1870159041
175.5,24.1870159041
176,24.1870159041
176.5,24.1870159041
177,24.1870159041
177.5,24.1870159041
178,24.1870159041
178.5,24.1870159041
179,24.1870159041
179.5,24.1870159041
180,24.1870159041
180.5,24.1870159041
181,24.1870159041
181.5,24.1870159041
182,24.1870159041
182.5,24.1870159041
183,24.1870159041
183.5,24.1870159041
184,24.1870159041
184.5,24.1870159041
185,24.1870159041
185.5,24.1870159041
186,24.1870159041
186.5,24.1870159041
187,24.1870159041
187.5,24.1870159041
188,24.1870159041
188.5,24.1870159041
189,24.1870159041
189.5,24.1870159041
190,24.1870159041
190.5,24.1870159041
191,24.1870159041
191.5,24.1870159041
192,24.1870159041
192.5,24.1870159041
193,24.1870159041
193.5,24.1870159041
194,24.1870159041
194.5,24.1870159041
195,24.1870159041
195.5,24.1870159041
196,24.1870159041
196.5,24.1870159041
197,24.1870159041
197.5,24.1870159041
198,24.1870159041
198.5,24.1870159041
199,24.1870159041
199.5,24.1870159041
200,24.1870159041
200.5,24.1870159041
201,24.1870159041
201.5,24.1870159041
202,24.1870159041
202.5,24.1870159041
203,24.1870159041
203.5,24.1870159041
204,24.1870159041
204.5,24.1870159041
205,24.1870159041
205.5,24.1870159041
206,24.1870159041
206.5,24.1870159041
207,24.1870159041
207.5,24.1870159041
208,24.1870159041
208.5,24.1870159041
209,24.1870159041
209.5,24.1870159041
210,24.1870159041
210.5,24.1870159041
211,24.1870159041
211.5,24.1870159041
212,24.1870159041
212.5,24.1870159041
213,24.1870159041
213.5,24.1870159041
214,24.1870159041
214.5,24.1870159041
215,24.1870159041
215.5,24.1870159041
216,24.1870159041
216.5,24.1870159041
217,24.1870159041
217.5,24.1870159041
218,24.1870159041
218.5,24.1870159041
219,24.1870159041
219.5,24.1870159041
220,24.1870159041
220.5,24.1870159041
221,24.1870159041
221.5,24.1870159041
222,24.1870159041
222.5,24.1870159041
223,24.1870159041
223.5,24.1870159041
224,24.1870159041
224.5,24.1870159041
225,24.1870159041
225.5,24.1870159041
226,24.1870159041
226.5,24.1870159041
227,24.1870159041
227.5,24.1870159041
228,24.1870159041
228.5,24.1870159041
229,24.1870159041
229.5,24.1870159041
230,24.1870159041
230.5,24.1870159041
231,24.1870159041
231.5,24.1870159041
232,24.1870159041
232.5,24.1870159041
233,24.1870159041
233.5,24.1870159041
234,24.1870159041
234.5,24.1870159041
235,24.1870159041
235.5,24.1870159041
236,24.1870159041
236.5,24.1870159041
237,24.1870159041
237.5,24.1870159041
238,24.1870159041
238.5,24.1870159041
239,24.1870159041
239.5,24.1870159041
240,24.1870159041
240.5,24.1870159041
241,24.1870159041
241.5,24.1870159041
242,24.1870159041
242.5,24.1870159041
243,24.1870159041
243.5,24.1870159041
244,24.1870159041
244.5,24.1870159041
245,24.1870159041
245.5,24.1870159041
246,24.1870159041
246.5,24.1870159041
247,24.1870159041
247.5,24.1870159041
248,24.1870159041
248.5,24.1870159041
249,24.1870159041
249.5,24.1870159041
250,24.1870159041
250.5,24.1870159041
251,24.1870159041
251.5,24.1870159041
252,24.1870159041
252.5,24.1870159041
253,24.1870159041
253.5,24.1870159041
254,24.1870159041
254.5,24.1870159041
255,24.1870159041
255.5,24.1870159041
256,24.1870159041
256.5,24.1870159041
257,24.1870159041
257.5,24.1870159041
258,24.1870159041
258.5,24.1870159041
259,24.1870159041
259.5,24.1870159041
260,24.1870159041
260.5,24.1870159041
261,24.1870159041
261.5,24.1870159041
262,24.1870159041
262.5,24.1870159041
263,24.1870159041
263.5,24.1870159041
264,24.1870159041
264.5,24.1870159041
265,24.1870159041
265.5,24.1870159041
266,24.1870159041
266.5,24.1870159041
267,24.1870159041
267.5,24.1870159041
268,24.1870159041
268.5,24.1870159041
269,24.1870159041
269.5,24.1870159041
270,24.1870159041
270.5,24.1870159041
271,24.1870159041
271.5,24.1870159041
272,24.1870159041
272.5,24.1870159041
273,24.1870159041
273.5,24.1870159041
274,24.1870159041
274.5,24.1870159041
275,24.1870159041
275.5,24.1870159041
276,24.1870159041
276.5,24.1870159041
277,24.1870159041
277.5,24.1870159041
278,24.1870159041
278.5,24.1870159041
279,24.1870159041
279.5,24.1870159041
280,24.1870159041
280.5,24.1870159041
281,24.1870159041
281.5,24.1870159041
282,24.1870159041
282.5,24.1870159041
283,24.1870159041
283.5,24.1870159041
284,24.1870159041
284.5,24.1870159041
285,24.1870159041
285.5,24.1870159041
286,24.1870159041
286.5,24.1870159041
287,24.1870159041
287.5,24.1870159041
288,24.1870159041
288.5,24.1870159041
289,24.1870159041
289.5,24.1870159041
290,24.1870159041
290.5,24.1870159041
291,24.1870159041
291.5,24.1870159041
292,24.1870159041
292.5,24.1870159041
293,24.1870159041
293.5,24.1870159041
294,24.1870159041
294.5,24.1870159041
295,24.1870159041
295.5,24.1870159041
296,24.1870159041
296.5,24.1870159041
297,24.1870159041
297.5,24.1870159041
298,24.1870159041
298.5,24.1870159041
299,24.1870159041
299.5,24.1870159041
300,24.1870159041
300.5,24.1870159041
301,24.1870159041
301.5,24.1870159041
302,24.1870159041
302.5,24.1870159041
303,24.1870159041
303.5,24.1870159041
304,24.1870159041
304.5,24.1870159041
305,24.1870159041
305.5,24.1870159041
306,24.1870159041
306.5,24.1870159041
307,24.1870159041
307.5,24.1870159041
308,24.1870159041
308.5,24.1870159041
309,24.1870159041
309.5,24.1870159041
310,24.1870159041
310.5,24.1870159041
311,24.1870159041
311.5,24.1870159041
312,24.1870159041
312.5,24.1870159041
313,24.1870159041
313.5,24.1870159041
314,24.1870159041
314.5,24.1870159041
315,24.1870159041
315.5,24.1870159041
316,24.1870159041
316.5,24.1870159041
317,24.1870159041
317.5,24.1870159041
318,24.1870159041
318.5,24.249515905
319,24.249515905
319.5,24.249515905
320,24.249515905
320.5,24.249515905
321,24.312015906
321.5,24.312015906
322,24.312015906
322.5,24.312015906
323,24.312015906
323.5,24.312015906
324,24.312015906
324.5,24.312015906
325,24.312015906
325.5,24.312015906
326,24.312015906
326.5,24.312015906
327,24.312015906
327.5,24.312015906
328,24.312015906
328.5,24.312015906
329,24.312015906
329.5,24.3745159069
330,24.3745159069
330.5,24.3745159069
331,24.3745159069
331.5,24.3745159069
332,24.3745159069
332.5,24.3745159069
333,24.3745159069
333.5,24.3745159069
334,24.4370159078
334.5,24.4370159078
335,24.4370159078
335.5,24.4370159078
336,24.4370159078
336.5,24.4995159088
337,24.4995159088
337.5,24.5620159097
338,24.5620159097
338.5,24.5620159097
339,24.5620159097
339.5,24.5620159097
340,24.5620159097
340.5,24.5620159097
341,24.5620159097
341.5,24.5620159097
342,24.6245159106
342.5,24.6245159106
343,24.6870159116
343.5,24.6870159116
344,24.6870159116
344.5,24.7495159125
345,24.7495159125
345.5,24.8120159134
346,24.8120159134
346.5,24.8120159134
347,24.8120159134
347.5,24.8120159134
348,24.8120159134
348.5,24.8745159144
349,24.8745159144
349.5,24.8745159144
350,24.8745159144
350.5,24.8745159144
351,24.8745159144
351.5,24.9370159153
352,24.9370159153
352.5,24.9370159153
353,24.9370159153
353.5,24.9995159162
354,24.9995159162
354.5,24.9995159162
355,24.9995159162
355.5,25.0620159172
356,25.0620159172
356.5,25.0620159172
357,25.0620159172
357.5,25.0620159172
358,25.0620159172
358.5,25.0620159172
359,25.1245159181
359.5,25.1245159181
360,25.1245159181
360.5,25.1245159181
361,25.187015919
361.5,25.187015919
362,25.187015919
362.5,25.2495159199
363,25.2495159199
363.5,25.2495159199
364,25.2495159199
364.5,25.2495159199
365,25.2495159199
365.5,25.3120159209
366,25.3120159209
366.5,25.3745159218
367,25.3745159218
367.5,25.3745159218
368,25.3745159218
368.5,25.3745159218
369,25.3745159218
369.5,25.3745159218
370,25.3745159218
370.5,25.4370159227
371,25.4370159227
371.5,25.4370159227
372,25.4370159227
372.5,25.4370159227
373,25.4995159237
373.5,25.4995159237
374,25.4995159237
374.5,25.4995159237
375,25.5620159246
375.5,25.5620159246
376,25.5620159246
376.5,25.5620159246
377,25.5620159246
377.5,25.5620159246
378,25.5620159246
378.5,25.5620159246
379,25.5620159246
379.5,25.5620159246
380,25.6245159255
380.5,25.6245159255
381,25.6245159255
381.5,25.6245159255
382,25.6870159265
382.5,25.6870159265
383,25.6870159265
383.5,25.6870159265
384,25.6870159265
384.5,25.6870159265
385,25.6870159265
385.5,25.6870159265
386,25.6870159265
386.5,25.7495159274
387,25.7495159274
387.5,25.7495159274
388,25.7495159274
388.5,25.7495159274
389,25.7495159274
389.5,25.7495159274
390,25.7495159274
390.5,25.7495159274
391,25.7495159274
391.5,25.7495159274
392,25.7495159274
392.5,25.8120159283
393,25.8120159283
393.5,25.8120159283
394,25.8120159283
394.5,25.8120159283
395,25.8745159293
395.5,25.8120159283
396,25.8120159283
396.5,25.8745159293
397,25.8745159293
397.5,25.8745159293
398,25.8745159293
398.5,25.8745159293
399,25.8745159293
399.5,25.9370159302
400,25.9370159302
400.5,25.9370159302
401,25.9370159302
401.5,25.9370159302
402,25.9370159302
402.5,25.9370159302
403,25.9370159302
403.5,25.9995159311
404,25.9995159311
404.5,25.9995159311
405,25.9995159311
405.5,26.0620159321
406,26.0620159321
406.5,26.0620159321
407,26.0620159321
407.5,26.0620159321
408,26.0620159321
408.5,26.0620159321
409,26.0620159321
409.5,26.0620159321
410,26.0620159321
410.5,26.0620159321
411,26.0620159321
411.5,26.0620159321
412,26.124515933
412.5,26.124515933
413,26.124515933
413.5,26.124515933
414,26.124515933
414.5,26.124515933
415,26.124515933
415.5,26.124515933
416,26.124515933
416.5,26.124515933
417,26.124515933
417.5,26.124515933
418,26.124515933
418.5,26.1870159339
419,26.1870159339
419.5,26.1870159339
420,26.1870159339
420.5,26.1870159339
421,26.1870159339
421.5,26.1870159339
422,26.1870159339
422.5,26.1870159339
423,26.1870159339
423.5,26.1870159339
424,26.2495159348
424.5,26.2495159348
425,26.2495159348
425.5,26.2495159348
426,26.2495159348
426.5,26.2495159348
427,26.2495159348
427.5,26.3120159358
428,26.3120159358
428.5,26.3120159358
429,26.3120159358
429.5,26.2495159348
430,26.2495159348
430.5,26.2495159348
431,26.2495159348
431.5,26.2495159348
432,26.3120159358
432.5,26.3120159358
433,26.3120159358
433.5,26.3120159358
434,26.3120159358
434.5,26.3120159358
435,26.3120159358
435.5,26.3120159358
436,26.3120159358
436.5,26.3120159358
437,26.3120159358
437.5,26.3120159358
438,26.3120159358
438.5,26.3120159358
439,26.3120159358
439.5,26.3120159358
440,26.3745159367
440.5,26.3745159367
441,26.3120159358
441.5,26.3745159367
442,26.3745159367
442.5,26.3745159367
443,26.3745159367
443.5,26.3745159367
444,26.3745159367
444.5,26.3745159367
445,26.3745159367
445.5,26.3745159367
446,26.3745159367
446.5,26.3745159367
447,26.3745159367
447.5,26.3745159367
448,26.3745159367
448.5,26.3745159367
449,26.3745159367
449.5,26.3745159367
450,26.3745159367
450.5,26.3745159367
451,26.3745159367
451.5,26.4370159376
452,26.4370159376
452.5,26.4370159376
453,26.4370159376
453.5,26.4370159376
454,26.4370159376
454.5,26.4370159376
455,26.4370159376
455.5,26.4370159376
456,26.4370159376
456.5,26.4370159376
457,26.4370159376
457.5,26.4370159376
458,26.4370159376
458.5,26.4370159376
459,26.4370159376
459.5,26.4370159376
460,26.4370159376
460.5,26.4370159376
461,26.4370159376
461.5,26.4370159376
462,26.4370159376
462.5,26.4370159376
463,26.4370159376
463.5,26.4370159376
464,26.4370159376
464.5,26.4370159376
465,26.4370159376
465.5,26.4370159376
466,26.4995159386
466.5,26.4995159386
467,26.4995159386
467.5,26.4995159386
468,26.4995159386
468.5,26.4995159386
469,26.4995159386
469.5,26.4995159386
470,26.4995159386
470.5,26.4995159386
471,26.4995159386
471.5,26.4995159386
472,26.4995159386
472.5,26.4995159386
473,26.4995159386
473.5,26.4995159386
474,26.4995159386
474.5,26.4995159386
475,26.4995159386
475.5,26.4995159386
476,26.4995159386
476.5,26.4995159386
477,26.4995159386
477.5,26.4995159386
478,26.4995159386
478.5,26.4995159386
479,26.4995159386
479.5,26.4995159386
480,26.4995159386
480.5,26.4995159386
481,26.4995159386
481.5,26.4995159386
482,26.4995159386
482.5,26.4995159386
483,26.4995159386
483.5,26.4995159386
484,26.4995159386
484.5,26.4995159386
485,26.4995159386
485.5,26.5620159395
486,26.5620159395
486.5,26.5620159395
487,26.5620159395
487.5,26.5620159395
488,26.5620159395
488.5,26.5620159395
489,26.5620159395
489.5,26.5620159395
490,26.5620159395
490.5,26.5620159395
491,26.5620159395
491.5,26.5620159395
492,26.5620159395
492.5,26.5620159395
493,26.5620159395
493.5,26.5620159395
494,26.5620159395
494.5,26.5620159395
495,26.5620159395
495.5,26.5620159395
496,26.5620159395
496.5,26.5620159395
497,26.5620159395
497.5,26.5620159395
498,26.5620159395
498.5,26.5620159395
499,26.5620159395
499.5,26.5620159395
500,26.5620159395
500.5,26.5620159395
501,26.5620159395
501.5,26.5620159395
502,26.5620159395
502.5,26.5620159395
503,26.5620159395
503.5,26.5620159395
504,26.5620159395
504.5,26.5620159395
505,26.5620159395
505.5,26.5620159395
506,26.5620159395
506.5,26.5620159395
507,26.5620159395
507.5,26.5620159395
508,26.5620159395
508.5,26.6245159404
509,26.5620159395
509.5,26.6245159404
510,26.6245159404
510.5,26.6245159404
511,26.6245159404
511.5,26.6245159404
512,26.6245159404
512.5,26.6245159404
513,26.6245159404
513.5,26.6245159404
514,26.6245159404
514.5,26.6245159404
515,26.6245159404
515.5,26.6245159404
516,26.6245159404
516.5,26.6245159404
517,26.6245159404
517.5,26.6245159404
518,26.6245159404
518.5,26.6245159404
519,26.6245159404
519.5,26.6245159404
520,26.6245159404
520.5,26.6245159404
521,26.6245159404
521.5,26.6245159404
522,26.6245159404
522.5,26.6245159404
523,26.6245159404
523.5,26.6245159404
524,26.6245159404
524.5,26.6245159404
525,26.6245159404
525.5,26.6245159404
526,26.6245159404
526.5,26.6245159404
527,26.6245159404
527.5,26.6245159404
528,26.6245159404
528.5,26.6245159404
529,26.6245159404
529.5,26.6245159404
530,26.6245159404
530.5,26.6245159404
531,26.6245159404
531.5,26.6245159404
532,26.6245159404
532.5,26.6245159404
533,26.6245159404
533.5,26.6245159404
534,26.6245159404
534.5,26.6245159404
535,26.6245159404
535.5,26.6245159404
536,26.6245159404
536.5,26.6245159404
537,26.6245159404
537.5,26.6245159404
538,26.6245159404
538.5,26.6245159404
539,26.6245159404
539.5,26.6245159404
540,26.6245159404
540.5,26.6245159404
541,26.6245159404
541.5,26.6245159404
542,26.6245159404
542.5,26.6245159404
543,26.6245159404
543.5,26.6870159414
544,26.6245159404
544.5,26.6245159404
545,26.6245159404
545.5,26.6870159414
546,26.6870159414
546.5,26.6870159414
547,26.6870159414
547.5,26.6245159404
548,26.6870159414
548.5,26.6870159414
549,26.6870159414
549.5,26.6870159414
550,26.6870159414
550.5,26.6870159414
551,26.6870159414
551.5,26.6870159414
552,26.6870159414
552.5,26.6870159414
553,26.6870159414
553.5,26.6870159414
554,26.6870159414
554.5,26.6870159414
555,26.6870159414
555.5,26.6870159414
556,26.6870159414
556.5,26.6870159414
557,26.6870159414
557.5,26.6870159414
558,26.6870159414
558.5,26.6870159414
559,26.6870159414
559.5,26.6870159414
560,26.6870159414
560.5,26.6870159414
561,26.6870159414
561.5,26.6870159414
562,26.6870159414
562.5,26.6870159414
563,26.6870159414
563.5,26.6870159414
564,26.6870159414
564.5,26.6870159414
565,26.6870159414
565.5,26.6870159414
566,26.6870159414
566.5,26.6870159414
567,26.6870159414
567.5,26.6870159414
568,26.6870159414
568.5,26.6870159414
569,26.6870159414
569.5,26.6870159414
570,26.6870159414
570.5,26.6870159414
571,26.6870159414
571.5,26.6870159414
572,26.6870159414
572.5,26.6870159414
573,26.6870159414
573.5,26.6870159414
574,26.6870159414
574.5,26.6870159414
575,26.6870159414
575.5,26.6870159414
576,26.6870159414
576.5,26.6870159414
577,26.6870159414
577.5,26.6870159414
578,26.6870159414
578.5,26.6870159414
579,26.6870159414
579.5,26.6870159414
580,26.6870159414
580.5,26.6870159414
581,26.6870159414
581.5,26.6870159414
582,26.6870159414
582.5,26.6870159414
583,26.6870159414
583.5,26.6870159414
584,26.6870159414
584.5,26.6870159414
585,26.6870159414
585.5,26.6870159414
586,26.6870159414
586.5,26.6870159414
587,26.6870159414
587.5,26.6870159414
588,26.6870159414
588.5,26.6870159414
589,26.6870159414
589.5,26.6870159414
590,26.6870159414
590.5,26.6870159414
591,26.6870159414
591.5,26.6870159414
592,26.6870159414
592.5,26.6870159414
593,26.6870159414
593.5,26.6870159414
594,26.6870159414
594.5,26.6870159414
595,26.6870159414
595.5,26.6870159414
596,26.6870159414
596.5,26.6870159414
597,26.6870159414
597.5,26.6870159414
598,26.6870159414
598.5,26.6870159414
599,26.6870159414
599.5,26.6870159414
600,26.6870159414
600.5,26.6870159414
601,26.6870159414
601.5,26.6870159414
602,26.6870159414
602.5,26.6870159414
603,26.6870159414
603.5,26.6870159414
604,26.6870159414
604.5,26.6870159414
605,26.6870159414
605.5,26.6870159414
606,26.6870159414
606.5,26.6870159414
607,26.6870159414
607.5,26.6870159414
608,26.6870159414
608.5,26.6870159414
609,26.6870159414
609.5,26.6870159414
610,26.6870159414
610.5,26.6870159414
611,26.6870159414
611.5,26.6870159414
612,26.6870159414
612.5,26.6870159414
613,26.6870159414
613.5,26.6870159414
614,26.6870159414
614.5,26.6870159414
615,26.6870159414
615.5,26.6870159414
616,26.6870159414
616.5,26.6870159414
617,26.6870159414
617.5,26.6870159414
618,26.6870159414
618.5,26.6870159414
619,26.6870159414
619.5,26.6870159414
620,26.6870159414
620.5,26.6870159414
621,26.6870159414
621.5,26.6870159414
622,26.6870159414
622.5,26.6870159414
623,26.6870159414
623.5,26.6870159414
624,26.6870159414
624.5,26.6870159414
625,26.6870159414
625.5,26.6870159414
626,26.6870159414
626.5,26.6870159414
627,26.6870159414
627.5,26.6870159414
628,26.6870159414
628.5,26.6870159414
629,26.6870159414
629.5,26.6870159414
630,26.6870159414
630.5,26.6870159414
631,26.6870159414
631.5,26.6870159414
632,26.6870159414
632.5,26.6870159414
633,26.6870159414
633.5,26.6870159414
634,26.6870159414
634.5,26.6870159414
635,26.6870159414
635.5,26.6870159414
636,26.6870159414
636.5,26.6870159414
637,26.6870159414
637.5,26.6870159414
638,26.6870159414
638.5,26.6870159414
639,26.6870159414
639.5,26.6870159414
640,26.6870159414
640.5,26.6870159414
641,26.6870159414
641.5,26.6870159414
642,26.6870159414
642.5,26.6870159414
643,26.6870159414
643.5,26.6870159414
644,26.6870159414
644.5,26.6870159414
645,26.6870159414
645.5,26.6870159414
646,26.6870159414
646.5,26.6870159414
647,26.6870159414
647.5,26.6870159414
648,26.6870159414
648.5,26.6870159414
649,26.6870159414
649.5,26.6870159414
650,26.6870159414
650.5,26.6870159414
651,26.6870159414
651.5,26.6870159414
652,26.6870159414
652.5,26.6870159414
653,26.6870159414
653.5,26.6870159414
654,26.6870159414
654.5,26.6870159414
655,26.6870159414
655.5,26.6870159414
656,26.6870159414
656.5,26.6870159414
657,26.6870159414
657.5,26.6870159414
658,26.6870159414
658.5,26.6870159414
659,26.6870159414
659.5,26.6870159414
660,26.6870159414
660.5,26.6870159414
661,26.6870159414
661.5,26.6870159414
662,26.6870159414
662.5,26.6870159414
663,26.6870159414
663.5,26.6870159414
664,26.6870159414
664.5,26.6870159414
665,26.6870159414
665.5,26.6870159414
666,26.6870159414
666.5,26.6870159414
667,26.6870159414
667.5,26.6870159414
668,26.7495159423
668.5,26.6870159414
669,26.6870159414
669.5,26.6870159414
670,26.6870159414
670.5,26.6870159414
671,26.6870159414
671.5,26.6870159414
672,26.6870159414
672.5,26.6870159414
673,26.6870159414
673.5,26.6870159414
674,26.6870159414
674.5,26.6870159414
675,26.6870159414
675.5,26.6870159414
676,26.6870159414
676.5,26.6870159414
677,26.6870159414
677.5,26.6870159414
678,26.6870159414
678.5,26.6870159414
679,26.6870159414
679.5,26.6870159414
680,26.6870159414
680.5,26.6870159414
681,26.6870159414
681.5,26.6870159414
682,26.7495159423
682.5,26.6870159414
683,26.6870159414
683.5,26.6870159414
684,26.6870159414
684.5,26.6870159414
685,26.6870159414
685.5,26.6870159414
686,26.6870159414
686.5,26.6870159414
687,26.6870159414
687.5,26.6870159414
688,26.6870159414
688.5,26.6870159414
689,26.6870159414
689.5,26.6870159414
690,26.6870159414
690.5,26.6870159414
691,26.6870159414
691.5,26.6870159414
692,26.6870159414
692.5,26.6870159414
693,26.6870159414
693.5,26.7495159423
694,26.6870159414
694.5,26.6870159414
695,26.6870159414
695.5,26.6870159414
696,26.6870159414
696.5,26.6870159414
697,26.6870159414
697.5,26.6870159414
698,26.7495159423
698.5,26.6870159414
699,26.6870159414
699.5,26.6870159414
700,26.6870159414
700.5,26.6870159414
701,26.6870159414
701.5,26.6870159414
702,26.6870159414
702.5,26.6870159414
703,26.6870159414
703.5,26.6870159414
704,26.6870159414
704.5,26.6870159414
705,26.6870159414
705.5,26.6870159414
706,26.6870159414
706.5,26.6870159414
707,26.6870159414
707.5,26.6870159414
708,26.6870159414
708.5,26.6870159414
709,26.6870159414
709.5,26.6870159414
710,26.6870159414
710.5,26.6870159414
711,26.6870159414
711.5,26.6870159414
712,26.6870159414
712.5,26.6870159414
713,26.6870159414
713.5,26.6870159414
714,26.6870159414
714.5,26.6870159414
715,26.6870159414
715.5,26.6870159414
716,26.6870159414
716.5,26.6870159414
717,26.6870159414
717.5,26.6870159414
718,26.6870159414
718.5,26.6870159414
719,26.6870159414
719.5,26.6870159414
720,26.6870159414
720.5,26.6870159414
721,26.6870159414
721.5,26.6870159414
722,26.6870159414
722.5,26.6870159414
723,26.6870159414
723.5,26.6870159414
724,26.6870159414
724.5,26.6870159414
725,26.6870159414
725.5,26.6870159414
726,26.6870159414
726.5,26.6870159414
727,26.6870159414
727.5,26.6870159414
728,26.6870159414
728.5,26.6870159414
729,26.6870159414
729.5,26.6870159414
730,26.6870159414
730.5,26.6870159414
731,26.6870159414
731.5,26.6870159414
732,26.6870159414
732.5,26.6870159414
733,26.6870159414
733.5,26.6870159414
734,26.6870159414
734.5,26.6870159414
735,26.6870159414
735.5,26.6870159414
736,26.6870159414
736.5,26.6870159414
737,26.6870159414
737.5,26.6870159414
738,26.6870159414
738.5,26.6870159414
739,26.6870159414
739.5,26.6870159414
740,26.6870159414
740.5,26.6870159414
741,26.6870159414
741.5,26.6870159414
742,26.6870159414
742.5,26.6870159414
743,26.6870159414
743.5,26.6870159414
744,26.6870159414
744.5,26.6870159414
745,26.6870159414
745.5,26.6870159414
746,26.6870159414
746.5,26.6870159414
747,26.6870159414
747.5,26.6870159414
748,26.6870159414
748.5,26.6870159414
749,26.6870159414
749.5,26.6870159414
750,26.6870159414
750.5,26.6870159414
751,26.6870159414
751.5,26.6870159414
752,26.6870159414
752.5,26.6870159414
753,26.6870159414
753.5,26.6870159414
754,26.6870159414
754.5,26.6870159414
755,26.6870159414
755.5,26.6870159414
756,26.6870159414
756.5,26.6870159414
757,26.6870159414
757.5,26.6870159414
758,26.6870159414
758.5,26.6870159414
759,26.6870159414
759.5,26.6870159414
760,26.6870159414
760.5,26.6870159414
761,26.6870159414
761.5,26.6870159414
762,26.6870159414
762.5,26.6870159414
763,26.6870159414
763.5,26.6870159414
764,26.6870159414
764.5,26.6870159414
765,26.6870159414
765.5,26.6870159414
766,26.6870159414
766.5,26.6870159414
767,26.6870159414
767.5,26.6870159414
768,26.6870159414
768.5,26.6870159414
769,26.6870159414
769.5,26.6870159414
770,26.6870159414
770.5,26.6870159414
771,26.6870159414
771.5,26.6870159414
772,26.6870159414
772.5,26.6870159414
773,26.6870159414
773.5,26.6870159414
774,26.6870159414
774.5,26.6870159414
775,26.6870159414
775.5,26.6870159414
776,26.6870159414
776.5,26.6870159414
777,26.6870159414
777.5,26.6870159414
778,26.6870159414
778.5,26.6870159414
779,26.6870159414
779.5,26.6870159414
780,26.6870159414
780.5,26.6870159414
781,26.6870159414
781.5,26.6870159414
782,26.6870159414
782.5,26.6870159414
783,26.6870159414
783.5,26.6870159414
784,26.6870159414
784.5,26.6870159414
785,26.6870159414
785.5,26.6870159414
786,26.6870159414
786.5,26.6870159414
787,26.6870159414
787.5,26.6870159414
788,26.6870159414
788.5,26.6870159414
789,26.6870159414
789.5,26.6870159414
790,26.6870159414
790.5,26.6870159414
791,26.6870159414
791.5,26.6870159414
792,26.6870159414
792.5,26.6870159414
793,26.6870159414
793.5,26.6870159414
794,26.6870159414
794.5,26.6870159414
795,26.6870159414
795.5,26.6870159414
796,26.6870159414
796.5,26.6870159414
797,26.6870159414
797.5,26.6870159414
798,26.6870159414
798.5,26.6870159414
799,26.6870159414
799.5,26.6870159414
800,26.6870159414
800.5,26.6870159414
801,26.6870159414
801.5,26.6870159414
802,26.6870159414
802.5,26.6870159414
803,26.6870159414
803.5,26.6870159414
804,26.6870159414
804.5,26.6870159414
805,26.6870159414
805.5,26.6870159414
806,26.6870159414
806.5,26.6870159414
807,26.6870159414
807.5,26.6870159414
808,26.6870159414
808.5,26.6870159414
809,26.6870159414
809.5,26.6870159414
810,26.6870159414
810.5,26.6870159414
811,26.6870159414
811.5,26.6870159414
812,26.6870159414
812.5,26.6870159414
813,26.6870159414
813.5,26.6870159414
814,26.6870159414
814.5,26.6870159414
815,26.6870159414
815.5,26.6870159414
816,26.6870159414
816.5,26.6870159414
817,26.6870159414
817.5,26.6870159414
818,26.6870159414
818.5,26.6870159414
819,26.6870159414
819.5,26.6870159414
820,26.6870159414
820.5,26.6870159414
821,26.6870159414
821.5,26.6870159414
822,26.6870159414
822.5,26.6870159414
823,26.6870159414
823.5,26.6870159414
824,26.6870159414
824.5,26.6870159414
825,26.6870159414
825.5,26.6870159414
826,26.6870159414
826.5,26.6870159414
827,26.6870159414
827.5,26.6870159414
828,26.6870159414
828.5,26.6870159414
829,26.6870159414
829.5,26.6870159414
830,26.6870159414
830.5,26.6870159414
831,26.6870159414
831.5,26.6870159414
832,26.6870159414
832.5,26.6870159414
833,26.6870159414
833.5,26.6870159414
834,26.6870159414
834.5,26.6870159414
835,26.6870159414
835.5,26.6870159414
836,26.6870159414
836.5,26.6870159414
837,26.6870159414
837.5,26.6870159414
838,26.6870159414
838.5,26.6870159414
839,26.6870159414
839.5,26.6870159414
840,26.6870159414
840.5,26.6870159414
841,26.6870159414
841.5,26.6870159414
842,26.6870159414
842.5,26.6870159414
843,26.6870159414
843.5,26.6870159414
844,26.6870159414
844.5,26.6870159414
845,26.6870159414
845.5,26.6870159414
846,26.6870159414
846.5,26.6870159414
847,26.6870159414
847.5,26.6870159414
848,26.6870159414
848.5,26.6870159414
849,26.6870159414
849.5,26.6870159414
850,26.6870159414
850.5,26.6870159414
851,26.6870159414
851.5,26.6870159414
852,26.6870159414
852.5,26.6870159414
853,26.6870159414
853.5,26.6870159414
854,26.6870159414
854.5,26.6870159414
855,26.6870159414
855.5,26.6870159414
856,26.6870159414
856.5,26.6870159414
857,26.6870159414
857.5,26.6870159414
858,26.6870159414
858.5,26.6870159414
859,26.6870159414
859.5,26.6870159414
860,26.6870159414
860.5,26.6870159414
861,26.6870159414
861.5,26.6870159414
862,26.6870159414
862.5,26.6870159414
863,26.6870159414
863.5,26.6870159414
864,26.6870159414
864.5,26.6870159414
865,26.6870159414
865.5,26.6870159414
866,26.6870159414
866.5,26.6870159414
867,26.6870159414
867.5,26.6870159414
868,26.6870159414
868.5,26.6870159414
869,26.6870159414
869.5,26.6870159414
870,26.6870159414
870.5,26.6870159414
871,26.6870159414
871.5,26.6870159414
872,26.6870159414
872.5,26.6870159414
873,26.6870159414
873.5,26.6870159414
874,26.6870159414
874.5,26.6870159414
875,26.6870159414
875.5,26.6870159414
876,26.6870159414
876.5,26.6870159414
877,26.6870159414
877.5,26.6870159414
878,26.6870159414
878.5,26.6870159414
879,26.6870159414
879.5,26.6870159414
880,26.6870159414
880.5,26.6870159414
881,26.6870159414
881.5,26.6870159414
882,26.6870159414
882.5,26.6870159414
883,26.6870159414
883.5,26.6870159414
884,26.6870159414
884.5,26.6870159414
885,26.6870159414
885.5,26.6870159414
886,26.6870159414
886.5,26.6870159414
887,26.6870159414
887.5,26.6870159414
888,26.6870159414
888.5,26.6870159414
889,26.6870159414
889.5,26.6870159414
890,26.6870159414
890.5,26.6870159414
891,26.6870159414
891.5,26.6870159414
892,26.6870159414
892.5,26.6870159414
893,26.6870159414
893.5,26.6870159414
894,26.6870159414
894.5,26.6870159414
895,26.6870159414
895.5,26.6870159414
896,26.6870159414
896.5,26.6870159414
897,26.6870159414
897.5,26.6870159414
898,26.6870159414
898.5,26.6870159414
899,26.6870159414
899.5,26.6870159414
900,26.6870159414
900.5,26.6870159414
901,26.6870159414
901.5,26.6870159414
902,26.6870159414
902.5,26.6870159414
903,26.6870159414
903.5,26.6870159414
904,26.6870159414
904.5,26.6870159414
905,26.6870159414
905.5,26.6870159414
906,26.6870159414
906.5,26.6870159414
907,26.6870159414
907.5,26.6870159414
908,26.6870159414
908.5,26.6870159414
909,26.6870159414
909.5,26.6870159414
910,26.6870159414
910.5,26.6870159414
911,26.6870159414
911.5,26.6870159414
912,26.6870159414
912.5,26.6870159414
913,26.6870159414
913.5,26.6870159414
914,26.6870159414
914.5,26.6870159414
915,26.6870159414
915.5,26.6870159414
916,26.6870159414
916.5,26.6870159414
917,26.6870159414
917.5,26.6870159414
918,26.6870159414
918.5,26.6870159414
919,26.6870159414
919.5,26.6870159414
920,26.6870159414
920.5,26.6870159414
921,26.6870159414
921.5,26.6870159414
922,26.6870159414
922.5,26.6870159414
923,26.6870159414
923.5,26.6870159414
924,26.6870159414
924.5,26.6870159414
925,26.6870159414
925.5,26.6870159414
926,26.6870159414
926.5,26.6870159414
927,26.6870159414
927.5,26.6870159414
928,26.6870159414
928.5,26.6870159414
929,26.6870159414
929.5,26.6870159414
930,26.6870159414
930.5,26.6870159414
931,26.6870159414
931.5,26.6870159414
932,26.6870159414
932.5,26.6870159414
933,26.6870159414
933.5,26.6870159414
934,26.6870159414
934.5,26.6870159414
935,26.6870159414
935.5,26.6870159414
936,26.6870159414
936.5,26.6870159414
937,26.6870159414
937.5,26.6870159414
938,26.6870159414
938.5,26.6870159414
939,26.6870159414
939.5,26.6870159414
940,26.6870159414
940.5,26.6870159414
941,26.6870159414
941.5,26.6870159414
942,26.6870159414
942.5,26.6870159414
943,26.6870159414
943.5,26.6870159414
944,26.6870159414
944.5,26.6870159414
945,26.6870159414
945.5,26.6870159414
946,26.6870159414
946.5,26.6870159414
947,26.6870159414
947.5,26.6870159414
948,26.6870159414
948.5,26.6870159414
949,26.6870159414
949.5,26.6870159414
950,26.6870159414
950.5,26.6870159414
951,26.6870159414
951.5,26.6870159414
952,26.6870159414
952.5,26.6870159414
953,26.6870159414
953.5,26.6870159414
954,26.6870159414
954.5,26.6870159414
955,26.6870159414
955.5,26.6870159414
956,26.6870159414
956.5,26.6870159414
957,26.6870159414
957.5,26.6870159414
958,26.6870159414
958.5,26.6870159414
959,26.6870159414
959.5,26.6870159414
960,26.6870159414
960.5,26.6870159414
961,26.6870159414
961.5,26.6870159414
962,26.6870159414
962.5,26.6870159414
963,26.6870159414
963.5,26.6870159414
964,26.6870159414
964.5,26.6870159414
965,26.6870159414
965.5,26.6870159414
966,26.6870159414
966.5,26.6870159414
967,26.6870159414
967.5,26.6870159414
968,26.6870159414
968.5,26.6870159414
969,26.6870159414
969.5,26.6870159414
970,26.6870159414
970.5,26.6870159414
971,26.6870159414
971.5,26.6870159414
972,26.6870159414
972.5,26.6870159414
973,26.6870159414
973.5,26.6870159414
974,26.6870159414
974.5,26.6870159414
975,26.6870159414
975.5,26.6870159414
976,26.6870159414
976.5,26.6870159414
977,26.6870159414
977.5,26.6870159414
978,26.6870159414
978.5,26.6870159414
979,26.6870159414
979.5,26.6870159414
980,26.6870159414
980.5,26.6870159414
981,26.6870159414
981.5,26.6870159414
982,26.6870159414
982.5,26.6870159414
983,26.6870159414
983.5,26.6870159414
984,26.6870159414
984.5,26.6870159414
985,26.6870159414
985.5,26.6870159414
986,26.6870159414
986.5,26.6870159414
987,26.6870159414
987.5,26.6870159414
988,26.6870159414
988.5,26.6870159414
989,26.6870159414
989.5,26.6870159414
990,26.6870159414
990.5,26.6870159414
991,26.6870159414
991.5,26.6870159414
992,26.6870159414
992.5,26.6870159414
993,26.6870159414
993.5,26.6870159414
994,26.6870159414
994.5,26.6870159414
995,26.6870159414
995.5,26.6870159414
996,26.6870159414
996.5,26.6870159414
997,26.6870159414
997.5,26.6870159414
998,26.6870159414
998.5,26.6870159414
999,26.6870159414
999.5,26.6870159414
1000,26.6870159414
