"Latest: Time (s)","Latest: Temperature (Â°C)"
0,22.6870158818
0.5,22.6870158818
1,22.6870158818
1.5,22.6870158818
2,22.6870158818
2.5,22.6870158818
3,22.6870158818
3.5,22.6870158818
4,22.6870158818
4.5,22.6870158818
5,22.6870158818
5.5,22.6870158818
6,22.6870158818
6.5,22.6870158818
7,22.6870158818
7.5,22.6870158818
8,22.6870158818
8.5,22.6870158818
9,22.6870158818
9.5,22.6870158818
10,22.6870158818
10.5,22.6870158818
11,22.6870158818
11.5,22.6870158818
12,22.6870158818
12.5,22.6870158818
13,22.6870158818
13.5,22.6870158818
14,22.6870158818
14.5,22.6870158818
15,22.6870158818
15.5,22.6870158818
16,22.6870158818
16.5,22.6870158818
17,22.6870158818
17.5,22.7495158827
18,22.6870158818
18.5,22.7495158827
19,22.7495158827
19.5,22.7495158827
20,22.6870158818
20.5,22.7495158827
21,22.7495158827
21.5,22.7495158827
22,22.7495158827
22.5,22.7495158827
23,22.6870158818
23.5,22.7495158827
24,22.7495158827
24.5,22.7495158827
25,22.7495158827
25.5,22.7495158827
26,22.7495158827
26.5,22.7495158827
27,22.7495158827
27.5,22.7495158827
28,22.7495158827
28.5,22.7495158827
29,22.6870158818
29.5,22.7495158827
30,22.7495158827
30.5,22.7495158827
31,22.7495158827
31.5,22.6870158818
32,22.7495158827
32.5,22.7495158827
33,22.7495158827
33.5,22.6870158818
34,22.6870158818
34.5,22.6870158818
35,22.7495158827
35.5,22.7495158827
36,22.7495158827
36.5,22.6870158818
37,22.6870158818
37.5,22.7495158827
38,22.6870158818
38.5,22.7495158827
39,22.7495158827
39.5,22.7495158827
40,22.7495158827
40.5,22.7495158827
41,22.7495158827
41.5,22.6870158818
42,22.7495158827
42.5,22.7495158827
43,22.7495158827
43.5,22.7495158827
44,22.7495158827
44.5,22.6870158818
45,22.6870158818
45.5,22.6870158818
46,22.6870158818
46.5,22.6870158818
47,22.7495158827
47.5,22.7495158827
48,22.7495158827
48.5,22.7495158827
49,22.6870158818
49.5,22.7495158827
50,22.7495158827
50.5,22.7495158827
51,22.7495158827
51.5,22.7495158827
52,22.7495158827
52.5,22.7495158827
53,22.7495158827
53.5,22.7495158827
54,22.7495158827
54.5,22.7495158827
55,22.7495158827
55.5,22.7495158827
56,22.7495158827
56.5,22.7495158827
57,22.7495158827
57.5,22.6870158818
58,22.6870158818
58.5,22.7495158827
59,22.7495158827
59.5,22.7495158827
60,22.7495158827
60.5,22.7495158827
61,22.7495158827
61.5,22.7495158827
62,22.7495158827
62.5,22.7495158827
63,22.6870158818
63.5,22.6870158818
64,22.6870158818
64.5,22.7495158827
65,22.6870158818
65.5,22.7495158827
66,22.7495158827
66.5,22.7495158827
67,22.7495158827
67.5,22.7495158827
68,22.6870158818
68.5,22.7495158827
69,22.6870158818
69.5,22.7495158827
70,22.7495158827
70.5,22.7495158827
71,22.7495158827
71.5,22.7495158827
72,22.7495158827
72.5,22.6870158818
73,22.7495158827
73.5,22.7495158827
74,22.7495158827
74.5,22.7495158827
75,22.7495158827
75.5,22.7495158827
76,22.7495158827
76.5,22.7495158827
77,22.6870158818
77.5,22.7495158827
78,22.7495158827
78.5,22.7495158827
79,22.7495158827
79.5,22.7495158827
80,22.6870158818
80.5,22.7495158827
81,22.6870158818
81.5,22.7495158827
82,22.7495158827
82.5,22.6870158818
83,22.6870158818
83.5,22.7495158827
84,22.7495158827
84.5,22.6870158818
85,22.6870158818
85.5,22.7495158827
86,22.6870158818
86.5,22.6870158818
87,22.7495158827
87.5,22.6870158818
88,22.7495158827
88.5,22.7495158827
89,22.6870158818
89.5,22.6870158818
90,22.6870158818
90.5,22.6870158818
91,22.6870158818
91.5,22.7495158827
92,22.6870158818
92.5,22.7495158827
93,22.7495158827
93.5,22.7495158827
94,22.6870158818
94.5,22.6870158818
95,22.6870158818
95.5,22.7495158827
96,22.7495158827
96.5,22.7495158827
97,22.6870158818
97.5,22.7495158827
98,22.6870158818
98.5,22.6870158818
99,22.6870158818
99.5,22.7495158827
100,22.6870158818
100.5,22.7495158827
101,22.7495158827
101.5,22.7495158827
102,22.7495158827
102.5,22.7495158827
103,22.6870158818
103.5,22.6870158818
104,22.6870158818
104.5,22.6870158818
105,22.6870158818
105.5,22.6870158818
106,22.6870158818
106.5,22.6870158818
107,22.6870158818
107.5,22.6870158818
108,22.6870158818
108.5,22.6870158818
109,22.6870158818
109.5,22.6870158818
110,22.6870158818
110.5,22.7495158827
111,22.7495158827
111.5,22.6870158818
112,22.6870158818
112.5,22.6870158818
113,22.6870158818
113.5,22.6870158818
114,22.6870158818
114.5,22.6870158818
115,22.6870158818
115.5,22.6870158818
116,22.6870158818
116.5,22.6870158818
117,22.6870158818
117.5,22.6870158818
118,22.6870158818
118.5,22.7495158827
119,22.6870158818
119.5,22.6870158818
120,22.6870158818
120.5,22.6870158818
121,22.6870158818
121.5,22.6870158818
122,22.6870158818
122.5,22.6870158818
123,22.6870158818
123.5,22.6870158818
124,22.6870158818
124.5,22.6870158818
125,22.6870158818
125.5,22.6870158818
126,22.6870158818
126.5,22.7495158827
127,22.6870158818
127.5,22.6870158818
128,22.6870158818
128.5,22.6870158818
129,22.6870158818
129.5,22.6870158818
130,22.6870158818
130.5,22.6870158818
131,22.6870158818
131.5,22.6870158818
132,22.6870158818
132.5,22.7495158827
133,22.6870158818
133.5,22.6870158818
134,22.6870158818
134.5,22.6870158818
135,22.6870158818
135.5,22.6870158818
136,22.6870158818
136.5,22.6870158818
137,22.6870158818
137.5,22.6870158818
138,22.6870158818
138.5,22.6870158818
139,22.6870158818
139.5,22.6870158818
140,22.6870158818
140.5,22.6870158818
141,22.6870158818
141.5,22.6870158818
142,22.6870158818
142.5,22.7495158827
143,22.6870158818
143.5,22.6870158818
144,22.6870158818
144.5,22.6870158818
145,22.6870158818
145.5,22.6870158818
146,22.6870158818
146.5,22.6870158818
147,22.6870158818
147.5,22.6870158818
148,22.6870158818
148.5,22.6870158818
149,22.6870158818
149.5,22.6870158818
150,22.6870158818
150.5,22.6870158818
151,22.6870158818
151.5,22.6870158818
152,22.6870158818
152.5,22.6870158818
153,22.6870158818
153.5,22.6870158818
154,22.6870158818
154.5,22.6870158818
155,22.6870158818
155.5,22.6870158818
156,22.6870158818
156.5,22.6870158818
157,22.6870158818
157.5,22.6870158818
158,22.6870158818
158.5,22.6870158818
159,22.6870158818
159.5,22.6870158818
160,22.6870158818
160.5,22.6870158818
161,22.6870158818
161.5,22.6870158818
162,22.6870158818
162.5,22.6870158818
163,22.6870158818
163.5,22.6870158818
164,22.6870158818
164.5,22.6870158818
165,22.6870158818
165.5,22.6870158818
166,22.6870158818
166.5,22.6870158818
167,22.6870158818
167.5,22.6870158818
168,22.6870158818
168.5,22.6870158818
169,22.6870158818
169.5,22.6870158818
170,22.6870158818
170.5,22.6870158818
171,22.6870158818
171.5,22.6870158818
172,22.6870158818
172.5,22.6870158818
173,22.6870158818
173.5,22.6870158818
174,22.6870158818
174.5,22.6870158818
175,22.6870158818
175.5,22.6870158818
176,22.6870158818
176.5,22.6870158818
177,22.6870158818
177.5,22.6870158818
178,22.6870158818
178.5,22.6870158818
179,22.6870158818
179.5,22.6870158818
180,22.6870158818
180.5,22.6870158818
181,22.6870158818
181.5,22.6870158818
182,22.6870158818
182.5,22.6870158818
183,22.6870158818
183.5,22.6870158818
184,22.6870158818
184.5,22.6870158818
185,22.6870158818
185.5,22.6870158818
186,22.6870158818
186.5,22.6870158818
187,22.6870158818
187.5,22.6870158818
188,22.6870158818
188.5,22.6870158818
189,22.6870158818
189.5,22.6870158818
190,22.6870158818
190.5,22.6870158818
191,22.6870158818
191.5,22.6870158818
192,22.6870158818
192.5,22.6870158818
193,22.6870158818
193.5,22.6870158818
194,22.6870158818
194.5,22.6870158818
195,22.6870158818
195.5,22.6870158818
196,22.6870158818
196.5,22.6870158818
197,22.6870158818
197.5,22.6870158818
198,22.6870158818
198.5,22.6870158818
199,22.6870158818
199.5,22.6870158818
200,22.6870158818
200.5,22.6870158818
201,22.6870158818
201.5,22.6870158818
202,22.6870158818
202.5,22.6870158818
203,22.6870158818
203.5,22.6870158818
204,22.6870158818
204.5,22.6870158818
205,22.6870158818
205.5,22.6870158818
206,22.6870158818
206.5,22.6870158818
207,22.6870158818
207.5,22.6870158818
208,22.6870158818
208.5,22.6870158818
209,22.6870158818
209.5,22.6870158818
210,22.6870158818
210.5,22.6870158818
211,22.6870158818
211.5,22.6870158818
212,22.6870158818
212.5,22.6870158818
213,22.6870158818
213.5,22.6870158818
214,22.6870158818
214.5,22.6870158818
215,22.6870158818
215.5,22.6870158818
216,22.6870158818
216.5,22.6870158818
217,22.6870158818
217.5,22.6870158818
218,22.6870158818
218.5,22.6870158818
219,22.6870158818
219.5,22.6870158818
220,22.6870158818
220.5,22.6870158818
221,22.6870158818
221.5,22.6870158818
222,22.6870158818
222.5,22.6870158818
223,22.6870158818
223.5,22.6870158818
224,22.6870158818
224.5,22.6870158818
225,22.6870158818
225.5,22.6870158818
226,22.6870158818
226.5,22.6870158818
227,22.6870158818
227.5,22.6870158818
228,22.6870158818
228.5,22.6870158818
229,22.6870158818
229.5,22.6870158818
230,22.6870158818
230.5,22.6870158818
231,22.6870158818
231.5,22.6870158818
232,22.6870158818
232.5,22.6870158818
233,22.6870158818
233.5,22.6870158818
234,22.6870158818
234.5,22.6870158818
235,22.6870158818
235.5,22.6870158818
236,22.6870158818
236.5,22.6870158818
237,22.6870158818
237.5,22.6870158818
238,22.6870158818
238.5,22.6870158818
239,22.6870158818
239.5,22.6870158818
240,22.6870158818
240.5,22.6870158818
241,22.6870158818
241.5,22.6870158818
242,22.6870158818
242.5,22.6870158818
243,22.6870158818
243.5,22.6870158818
244,22.6870158818
244.5,22.6870158818
245,22.6870158818
245.5,22.6870158818
246,22.6870158818
246.5,22.6870158818
247,22.6870158818
247.5,22.6870158818
248,22.6870158818
248.5,22.6870158818
249,22.6870158818
249.5,22.6870158818
250,22.6870158818
250.5,22.6870158818
251,22.6870158818
251.5,22.6870158818
252,22.6870158818
252.5,22.6870158818
253,22.6870158818
253.5,22.6870158818
254,22.6870158818
254.5,22.6870158818
255,22.6870158818
255.5,22.6870158818
256,22.6870158818
256.5,22.6870158818
257,22.6870158818
257.5,22.6870158818
258,22.6870158818
258.5,22.6870158818
259,22.6870158818
259.5,22.6870158818
260,22.6870158818
260.5,22.6870158818
261,22.6870158818
261.5,22.6870158818
262,22.6870158818
262.5,22.6870158818
263,22.6870158818
263.5,22.6870158818
264,22.6870158818
264.5,22.6870158818
265,22.6870158818
265.5,22.6870158818
266,22.6870158818
266.5,22.6870158818
267,22.6870158818
267.5,22.6870158818
268,22.6870158818
268.5,22.6870158818
269,22.6870158818
269.5,22.6870158818
270,22.6870158818
270.5,22.6870158818
271,22.6870158818
271.5,22.6870158818
272,22.6870158818
272.5,22.6870158818
273,22.6870158818
273.5,22.6870158818
274,22.6870158818
274.5,22.6870158818
275,22.6870158818
275.5,22.6870158818
276,22.6870158818
276.5,22.6870158818
277,22.6870158818
277.5,22.6870158818
278,22.6870158818
278.5,22.6870158818
279,22.6870158818
279.5,22.6870158818
280,22.6870158818
280.5,22.6870158818
281,22.6870158818
281.5,22.6870158818
282,22.6870158818
282.5,22.6870158818
283,22.6870158818
283.5,22.6870158818
284,22.6870158818
284.5,22.6870158818
285,22.6870158818
285.5,22.6870158818
286,22.6870158818
286.5,22.6870158818
287,22.6870158818
287.5,22.6870158818
288,22.6870158818
288.5,22.6870158818
289,22.6870158818
289.5,22.6870158818
290,22.6870158818
290.5,22.6870158818
291,22.6870158818
291.5,22.6870158818
292,22.6870158818
292.5,22.6870158818
293,22.6870158818
293.5,22.6870158818
294,22.6870158818
294.5,22.6870158818
295,22.6870158818
295.5,22.6870158818
296,22.6870158818
296.5,22.6870158818
297,22.6870158818
297.5,22.6870158818
298,22.6870158818
298.5,22.6870158818
299,22.6870158818
299.5,22.6870158818
300,22.6870158818
300.5,22.6870158818
301,22.6870158818
301.5,22.6870158818
302,22.6870158818
302.5,22.6870158818
303,22.6870158818
303.5,22.6870158818
304,22.6870158818
304.5,22.6870158818
305,22.6870158818
305.5,22.6870158818
306,22.6870158818
306.5,22.6870158818
307,22.6870158818
307.5,22.6870158818
308,22.6870158818
308.5,22.6870158818
309,22.6870158818
309.5,22.6870158818
310,22.6870158818
310.5,22.6870158818
311,22.6870158818
311.5,22.6870158818
312,22.6870158818
312.5,22.6870158818
313,22.6870158818
313.5,22.7495158827
314,22.6870158818
314.5,22.7495158827
315,22.7495158827
315.5,22.7495158827
316,22.7495158827
316.5,22.7495158827
317,22.7495158827
317.5,22.7495158827
318,22.8120158836
318.5,22.8120158836
319,22.8120158836
319.5,22.8120158836
320,22.8745158846
320.5,22.9370158855
321,22.9995158864
321.5,23.0620158873
322,23.1245158883
322.5,23.1245158883
323,23.1245158883
323.5,23.0620158873
324,23.0620158873
324.5,22.9995158864
325,23.0620158873
325.5,23.0620158873
326,23.1245158883
326.5,23.2495158901
327,23.3120158911
327.5,23.374515892
328,23.4995158939
328.5,23.6870158967
329,23.7495158976
329.5,23.6870158967
330,23.7495158976
330.5,23.8120158985
331,23.8745158995
331.5,23.8745158995
332,23.8745158995
332.5,23.8745158995
333,23.9995159013
333.5,23.9995159013
334,23.8745158995
334.5,23.9995159013
335,24.1245159032
335.5,24.1245159032
336,23.9995159013
336.5,23.8745158995
337,23.8745158995
337.5,23.9370159004
338,23.9370159004
338.5,23.9995159013
339,24.0620159023
339.5,23.9995159013
340,23.8745158995
340.5,23.8120158985
341,23.7495158976
341.5,23.6870158967
342,23.6245158957
342.5,23.5620158948
343,23.5620158948
343.5,23.4995158939
344,23.4995158939
344.5,23.4995158939
345,23.6870158967
345.5,23.8745158995
346,23.9370159004
346.5,23.9995159013
347,23.9995159013
347.5,23.9370159004
348,23.8745158995
348.5,23.8120158985
349,23.8120158985
349.5,23.8120158985
350,23.8120158985
350.5,23.8120158985
351,23.7495158976
351.5,23.7495158976
352,23.8120158985
352.5,23.8745158995
353,23.8745158995
353.5,23.8745158995
354,23.8745158995
354.5,23.9995159013
355,24.312015906
355.5,24.3745159069
356,24.312015906
356.5,24.312015906
357,24.312015906
357.5,24.312015906
358,24.3745159069
358.5,24.312015906
359,24.1870159041
359.5,24.1245159032
360,24.0620159023
360.5,23.9995159013
361,23.9370159004
361.5,23.9995159013
362,23.9995159013
362.5,23.9995159013
363,23.9995159013
363.5,23.9370159004
364,23.9370159004
364.5,23.9370159004
365,23.9370159004
365.5,23.8745158995
366,23.8745158995
366.5,23.8745158995
367,23.8745158995
367.5,23.9370159004
368,23.9370159004
368.5,23.9370159004
369,23.9370159004
369.5,23.9995159013
370,24.0620159023
370.5,24.0620159023
371,24.0620159023
371.5,24.0620159023
372,24.0620159023
372.5,24.1245159032
373,24.1245159032
373.5,24.1245159032
374,24.1870159041
374.5,24.1870159041
375,24.312015906
375.5,24.3745159069
376,24.3745159069
376.5,24.3745159069
377,24.312015906
377.5,24.312015906
378,24.312015906
378.5,24.312015906
379,24.312015906
379.5,24.312015906
380,24.312015906
380.5,24.312015906
381,24.312015906
381.5,24.3745159069
382,24.3745159069
382.5,24.3745159069
383,24.3745159069
383.5,24.3745159069
384,24.3745159069
384.5,24.3745159069
385,24.3745159069
385.5,24.4370159078
386,24.4370159078
386.5,24.4370159078
387,24.4370159078
387.5,24.4370159078
388,24.4370159078
388.5,24.4370159078
389,24.3745159069
389.5,24.3745159069
390,24.3745159069
390.5,24.3745159069
391,24.3745159069
391.5,24.3745159069
392,24.3745159069
392.5,24.3745159069
393,24.3745159069
393.5,24.3745159069
394,24.3745159069
394.5,24.312015906
395,24.312015906
395.5,24.3745159069
396,24.3745159069
396.5,24.3745159069
397,24.3745159069
397.5,24.3745159069
398,24.3745159069
398.5,24.3745159069
399,24.3745159069
399.5,24.3745159069
400,24.3745159069
400.5,24.4370159078
401,24.4370159078
401.5,24.4370159078
402,24.4370159078
402.5,24.3745159069
403,24.3745159069
403.5,24.3745159069
404,24.3745159069
404.5,24.3745159069
405,24.3745159069
405.5,24.3745159069
406,24.3745159069
406.5,24.3745159069
407,24.4370159078
407.5,24.4370159078
408,24.4995159088
408.5,24.4995159088
409,24.4995159088
409.5,24.4995159088
410,24.4370159078
410.5,24.4370159078
411,24.4995159088
411.5,24.4995159088
412,24.4995159088
412.5,24.4995159088
413,24.4995159088
413.5,24.4995159088
414,24.4995159088
414.5,24.4995159088
415,24.4995159088
415.5,24.4995159088
416,24.4995159088
416.5,24.4995159088
417,24.4995159088
417.5,24.4995159088
418,24.4995159088
418.5,24.4995159088
419,24.4995159088
419.5,24.5620159097
420,24.5620159097
420.5,24.5620159097
421,24.5620159097
421.5,24.5620159097
422,24.6245159106
422.5,24.6245159106
423,24.6245159106
423.5,24.6245159106
424,24.6245159106
424.5,24.6245159106
425,24.6245159106
425.5,24.6245159106
426,24.6245159106
426.5,24.6245159106
427,24.6245159106
427.5,24.6245159106
428,24.6245159106
428.5,24.6245159106
429,24.6245159106
429.5,24.6245159106
430,24.6245159106
430.5,24.6245159106
431,24.6870159116
431.5,24.6870159116
432,24.6870159116
432.5,24.6870159116
433,24.6870159116
433.5,24.6870159116
434,24.6870159116
434.5,24.6870159116
435,24.7495159125
435.5,24.7495159125
436,24.7495159125
436.5,24.7495159125
437,24.7495159125
437.5,24.7495159125
438,24.7495159125
438.5,24.7495159125
439,24.7495159125
439.5,24.7495159125
440,24.7495159125
440.5,24.7495159125
441,24.7495159125
441.5,24.7495159125
442,24.7495159125
442.5,24.7495159125
443,24.7495159125
443.5,24.7495159125
444,24.7495159125
444.5,24.7495159125
445,24.7495159125
445.5,24.7495159125
446,24.6870159116
446.5,24.6870159116
447,24.6870159116
447.5,24.6870159116
448,24.6870159116
448.5,24.6870159116
449,24.7495159125
449.5,24.7495159125
450,24.7495159125
450.5,24.7495159125
451,24.7495159125
451.5,24.7495159125
452,24.7495159125
452.5,24.7495159125
453,24.7495159125
453.5,24.7495159125
454,24.7495159125
454.5,24.7495159125
455,24.7495159125
455.5,24.7495159125
456,24.7495159125
456.5,24.7495159125
457,24.7495159125
457.5,24.7495159125
458,24.7495159125
458.5,24.7495159125
459,24.8120159134
459.5,24.8120159134
460,24.8120159134
460.5,24.8120159134
461,24.8120159134
461.5,24.8120159134
462,24.8120159134
462.5,24.8120159134
463,24.8120159134
463.5,24.8120159134
464,24.8120159134
464.5,24.8120159134
465,24.8120159134
465.5,24.8120159134
466,24.8120159134
466.5,24.8120159134
467,24.8120159134
467.5,24.8120159134
468,24.8120159134
468.5,24.8120159134
469,24.8120159134
469.5,24.8120159134
470,24.8120159134
470.5,24.8120159134
471,24.8120159134
471.5,24.8120159134
472,24.8120159134
472.5,24.8120159134
473,24.8120159134
473.5,24.8120159134
474,24.8120159134
474.5,24.8120159134
475,24.8120159134
475.5,24.8120159134
476,24.8120159134
476.5,24.8120159134
477,24.8120159134
477.5,24.8120159134
478,24.8120159134
478.5,24.8120159134
479,24.8120159134
479.5,24.8120159134
480,24.8120159134
480.5,24.8120159134
481,24.8120159134
481.5,24.8745159144
482,24.8745159144
482.5,24.8745159144
483,24.8745159144
483.5,24.8745159144
484,24.8745159144
484.5,24.8745159144
485,24.8745159144
485.5,24.8745159144
486,24.8745159144
486.5,24.8745159144
487,24.8745159144
487.5,24.8745159144
488,24.8745159144
488.5,24.8745159144
489,24.8745159144
489.5,24.8745159144
490,24.8745159144
490.5,24.8745159144
491,24.8745159144
491.5,24.8745159144
492,24.8745159144
492.5,24.8745159144
493,24.8745159144
493.5,24.8745159144
494,24.8745159144
494.5,24.8745159144
495,24.8745159144
495.5,24.8745159144
496,24.8745159144
496.5,24.8745159144
497,24.8745159144
497.5,24.9370159153
498,24.9370159153
498.5,24.9370159153
499,24.9370159153
499.5,24.9370159153
500,24.9370159153
500.5,24.9370159153
501,24.9370159153
501.5,24.9370159153
502,24.9370159153
502.5,24.9370159153
503,24.9370159153
503.5,24.9370159153
504,24.9370159153
504.5,24.9370159153
505,24.9370159153
505.5,24.9370159153
506,24.9370159153
506.5,24.9370159153
507,24.9370159153
507.5,24.9370159153
508,24.9370159153
508.5,24.9370159153
509,24.9370159153
509.5,24.9370159153
510,24.9370159153
510.5,24.9370159153
511,24.9370159153
511.5,24.9370159153
512,24.9370159153
512.5,24.9370159153
513,24.9370159153
513.5,24.9370159153
514,24.9370159153
514.5,24.9370159153
515,24.9370159153
515.5,24.9370159153
516,24.9370159153
516.5,24.9370159153
517,24.9370159153
517.5,24.9370159153
518,24.9370159153
518.5,24.9370159153
519,24.9370159153
519.5,24.9370159153
520,24.9370159153
520.5,24.9370159153
521,24.9995159162
521.5,24.9995159162
522,24.9995159162
522.5,24.9995159162
523,24.9370159153
523.5,24.9370159153
524,24.9370159153
524.5,24.9370159153
525,24.9370159153
525.5,24.9370159153
526,24.9370159153
526.5,24.9370159153
527,24.9370159153
527.5,24.9370159153
528,24.9370159153
528.5,24.9370159153
529,24.9370159153
529.5,24.9370159153
530,24.9370159153
530.5,24.9370159153
531,24.9370159153
531.5,24.9370159153
532,24.9370159153
532.5,24.9370159153
533,24.9370159153
533.5,24.9370159153
534,24.9370159153
534.5,24.9370159153
535,24.9370159153
535.5,24.9370159153
536,24.9370159153
536.5,24.9370159153
537,24.9370159153
537.5,24.9995159162
538,24.9995159162
538.5,24.9995159162
539,24.9995159162
539.5,24.9995159162
540,24.9995159162
540.5,24.9995159162
541,24.9995159162
541.5,24.9995159162
542,24.9995159162
542.5,24.9995159162
543,24.9995159162
543.5,24.9995159162
544,24.9995159162
544.5,24.9995159162
545,24.9995159162
545.5,24.9995159162
546,24.9995159162
546.5,24.9995159162
547,24.9995159162
547.5,24.9995159162
548,24.9995159162
548.5,24.9995159162
549,24.9995159162
549.5,24.9995159162
550,24.9995159162
550.5,24.9995159162
551,24.9995159162
551.5,24.9995159162
552,24.9995159162
552.5,24.9995159162
553,24.9995159162
553.5,24.9995159162
554,24.9995159162
554.5,24.9995159162
555,24.9995159162
555.5,24.9995159162
556,24.9995159162
556.5,24.9995159162
557,24.9995159162
557.5,24.9995159162
558,24.9995159162
558.5,24.9995159162
559,24.9995159162
559.5,24.9995159162
560,24.9995159162
560.5,24.9995159162
561,24.9995159162
561.5,24.9995159162
562,24.9995159162
562.5,24.9995159162
563,24.9995159162
563.5,24.9995159162
564,24.9995159162
564.5,24.9995159162
565,24.9995159162
565.5,24.9995159162
566,24.9995159162
566.5,24.9995159162
567,24.9995159162
567.5,24.9995159162
568,24.9995159162
568.5,24.9995159162
569,24.9995159162
569.5,24.9995159162
570,24.9995159162
570.5,24.9995159162
571,24.9995159162
571.5,24.9995159162
572,24.9995159162
572.5,24.9995159162
573,24.9995159162
573.5,24.9995159162
574,24.9995159162
574.5,24.9995159162
575,24.9995159162
575.5,24.9995159162
576,24.9995159162
576.5,24.9995159162
577,24.9995159162
577.5,24.9995159162
578,24.9995159162
578.5,24.9995159162
579,24.9995159162
579.5,24.9995159162
580,24.9995159162
580.5,24.9995159162
581,24.9995159162
581.5,24.9995159162
582,24.9995159162
582.5,24.9995159162
583,24.9995159162
583.5,24.9995159162
584,24.9995159162
584.5,24.9995159162
585,24.9995159162
585.5,24.9995159162
586,24.9995159162
586.5,24.9995159162
587,24.9995159162
587.5,24.9995159162
588,24.9995159162
588.5,24.9995159162
589,24.9995159162
589.5,24.9995159162
590,24.9995159162
590.5,24.9995159162
591,24.9995159162
591.5,24.9995159162
592,24.9995159162
592.5,24.9995159162
593,24.9995159162
593.5,24.9995159162
594,24.9995159162
594.5,24.9995159162
595,24.9995159162
595.5,24.9995159162
596,24.9995159162
596.5,24.9995159162
597,24.9995159162
597.5,24.9995159162
598,24.9995159162
598.5,24.9995159162
599,25.0620159172
599.5,24.9995159162
600,25.0620159172
600.5,24.9995159162
601,25.0620159172
601.5,24.9995159162
602,24.9995159162
602.5,24.9995159162
603,25.0620159172
603.5,24.9995159162
604,24.9995159162
604.5,24.9995159162
605,24.9995159162
605.5,24.9995159162
606,24.9995159162
606.5,24.9995159162
607,24.9995159162
607.5,24.9995159162
608,24.9995159162
608.5,24.9995159162
609,24.9995159162
609.5,24.9995159162
610,24.9995159162
610.5,24.9995159162
611,24.9995159162
611.5,25.0620159172
612,25.0620159172
612.5,24.9995159162
613,25.0620159172
613.5,24.9995159162
614,24.9995159162
614.5,24.9995159162
615,24.9995159162
615.5,24.9995159162
616,25.0620159172
616.5,25.0620159172
617,24.9995159162
617.5,25.0620159172
618,25.0620159172
618.5,25.0620159172
619,24.9995159162
619.5,25.0620159172
620,25.0620159172
620.5,25.0620159172
621,25.0620159172
621.5,25.0620159172
622,25.0620159172
622.5,25.0620159172
623,25.0620159172
623.5,25.0620159172
624,25.0620159172
624.5,25.0620159172
625,25.0620159172
625.5,25.0620159172
626,25.0620159172
626.5,25.0620159172
627,25.0620159172
627.5,25.0620159172
628,25.0620159172
628.5,25.0620159172
629,25.0620159172
629.5,25.0620159172
630,25.0620159172
630.5,25.0620159172
631,25.0620159172
631.5,25.0620159172
632,25.0620159172
632.5,25.0620159172
633,25.0620159172
633.5,25.0620159172
634,25.0620159172
634.5,25.0620159172
635,25.0620159172
635.5,25.0620159172
636,25.0620159172
636.5,25.0620159172
637,25.0620159172
637.5,25.0620159172
638,25.0620159172
638.5,25.0620159172
639,25.0620159172
639.5,25.0620159172
640,25.0620159172
640.5,25.0620159172
641,25.0620159172
641.5,25.0620159172
642,25.0620159172
642.5,25.0620159172
643,25.0620159172
643.5,25.0620159172
644,25.0620159172
644.5,25.0620159172
645,25.0620159172
645.5,25.0620159172
646,25.0620159172
646.5,25.0620159172
647,25.0620159172
647.5,25.0620159172
648,25.0620159172
648.5,25.0620159172
649,25.0620159172
649.5,25.0620159172
650,25.0620159172
650.5,25.0620159172
651,25.0620159172
651.5,25.0620159172
652,25.0620159172
652.5,25.0620159172
653,25.0620159172
653.5,25.0620159172
654,25.0620159172
654.5,25.0620159172
655,25.0620159172
655.5,25.0620159172
656,25.0620159172
656.5,25.0620159172
657,25.0620159172
657.5,25.0620159172
658,25.0620159172
658.5,25.0620159172
659,25.0620159172
659.5,25.0620159172
660,25.0620159172
660.5,25.0620159172
661,25.0620159172
661.5,25.0620159172
662,25.0620159172
662.5,25.0620159172
663,25.0620159172
663.5,25.0620159172
664,25.0620159172
664.5,25.0620159172
665,25.0620159172
665.5,25.0620159172
666,25.0620159172
666.5,25.0620159172
667,25.0620159172
667.5,25.0620159172
668,25.0620159172
668.5,25.0620159172
669,25.0620159172
669.5,25.0620159172
670,25.0620159172
670.5,25.0620159172
671,25.0620159172
671.5,25.0620159172
672,25.0620159172
672.5,25.0620159172
673,25.0620159172
673.5,25.0620159172
674,25.0620159172
674.5,25.0620159172
675,25.0620159172
675.5,25.0620159172
676,25.0620159172
676.5,25.0620159172
677,25.0620159172
677.5,25.0620159172
678,25.0620159172
678.5,25.0620159172
679,25.0620159172
679.5,25.0620159172
680,25.0620159172
680.5,25.0620159172
681,25.0620159172
681.5,25.0620159172
682,25.0620159172
682.5,25.0620159172
683,25.0620159172
683.5,25.0620159172
684,25.0620159172
684.5,25.0620159172
685,25.0620159172
685.5,25.0620159172
686,25.0620159172
686.5,25.0620159172
687,25.0620159172
687.5,25.0620159172
688,25.0620159172
688.5,25.0620159172
689,25.0620159172
689.5,25.0620159172
690,25.0620159172
690.5,25.0620159172
691,25.0620159172
691.5,25.0620159172
692,25.0620159172
692.5,25.0620159172
693,25.0620159172
693.5,25.0620159172
694,25.0620159172
694.5,25.0620159172
695,25.0620159172
695.5,25.0620159172
696,25.0620159172
696.5,25.0620159172
697,25.0620159172
697.5,25.0620159172
698,25.0620159172
698.5,25.0620159172
699,25.0620159172
699.5,25.0620159172
700,25.0620159172
700.5,25.0620159172
701,25.0620159172
701.5,25.0620159172
702,25.0620159172
702.5,25.0620159172
703,25.0620159172
703.5,25.0620159172
704,25.0620159172
704.5,25.0620159172
705,25.0620159172
705.5,25.0620159172
706,25.0620159172
706.5,25.0620159172
707,25.0620159172
707.5,25.0620159172
708,25.0620159172
708.5,25.0620159172
709,25.0620159172
709.5,25.0620159172
710,25.0620159172
710.5,25.0620159172
711,25.0620159172
711.5,25.0620159172
712,25.0620159172
712.5,25.0620159172
713,25.0620159172
713.5,25.0620159172
714,25.0620159172
714.5,25.0620159172
715,25.0620159172
715.5,25.0620159172
716,25.0620159172
716.5,25.0620159172
717,25.0620159172
717.5,25.0620159172
718,25.0620159172
718.5,25.0620159172
719,25.0620159172
719.5,25.0620159172
720,25.0620159172
720.5,25.0620159172
721,25.0620159172
721.5,25.0620159172
722,25.0620159172
722.5,25.0620159172
723,25.0620159172
723.5,25.0620159172
724,25.0620159172
724.5,25.0620159172
725,25.0620159172
725.5,25.0620159172
726,25.0620159172
726.5,25.0620159172
727,25.0620159172
727.5,25.0620159172
728,25.0620159172
728.5,25.0620159172
729,25.0620159172
729.5,25.0620159172
730,25.0620159172
730.5,25.0620159172
731,25.0620159172
731.5,25.0620159172
732,25.0620159172
732.5,25.0620159172
733,25.0620159172
733.5,25.0620159172
734,25.0620159172
734.5,25.0620159172
735,25.0620159172
735.5,25.0620159172
736,25.0620159172
736.5,25.0620159172
737,25.0620159172
737.5,25.0620159172
738,25.0620159172
738.5,25.0620159172
739,25.0620159172
739.5,25.0620159172
740,25.0620159172
740.5,25.0620159172
741,25.0620159172
741.5,25.0620159172
742,25.0620159172
742.5,25.0620159172
743,25.0620159172
743.5,25.0620159172
744,25.0620159172
744.5,25.0620159172
745,25.0620159172
745.5,25.0620159172
746,25.0620159172
746.5,25.0620159172
747,25.0620159172
747.5,25.0620159172
748,25.0620159172
748.5,25.0620159172
749,25.0620159172
749.5,25.0620159172
750,25.0620159172
750.5,25.0620159172
751,25.0620159172
751.5,25.0620159172
752,25.0620159172
752.5,25.0620159172
753,25.0620159172
753.5,25.0620159172
754,25.0620159172
754.5,25.0620159172
755,25.0620159172
755.5,25.0620159172
756,25.0620159172
756.5,25.0620159172
757,25.0620159172
757.5,25.0620159172
758,25.0620159172
758.5,25.0620159172
759,25.0620159172
759.5,25.0620159172
760,25.0620159172
760.5,25.0620159172
761,25.0620159172
761.5,25.0620159172
762,25.0620159172
762.5,25.0620159172
763,25.0620159172
763.5,25.0620159172
764,25.0620159172
764.5,25.0620159172
765,25.0620159172
765.5,25.0620159172
766,25.0620159172
766.5,25.0620159172
767,25.0620159172
767.5,25.0620159172
768,25.0620159172
768.5,25.0620159172
769,25.0620159172
769.5,25.0620159172
770,25.0620159172
770.5,25.0620159172
771,25.0620159172
771.5,25.0620159172
772,25.0620159172
772.5,25.0620159172
773,25.0620159172
773.5,25.0620159172
774,25.0620159172
774.5,25.0620159172
775,25.0620159172
775.5,25.0620159172
776,25.0620159172
776.5,25.0620159172
777,25.0620159172
777.5,25.0620159172
778,25.0620159172
778.5,25.0620159172
779,25.0620159172
779.5,25.0620159172
780,25.0620159172
780.5,25.0620159172
781,25.0620159172
781.5,25.0620159172
782,25.0620159172
782.5,25.0620159172
783,25.0620159172
783.5,25.0620159172
784,25.0620159172
784.5,25.0620159172
785,25.0620159172
785.5,25.0620159172
786,25.0620159172
786.5,25.0620159172
787,25.0620159172
787.5,25.0620159172
788,25.0620159172
788.5,25.0620159172
789,25.0620159172
789.5,25.0620159172
790,25.0620159172
790.5,25.0620159172
791,25.0620159172
791.5,25.0620159172
792,25.0620159172
792.5,25.0620159172
793,25.0620159172
793.5,25.0620159172
794,25.0620159172
794.5,25.0620159172
795,25.0620159172
795.5,25.0620159172
796,25.0620159172
796.5,25.0620159172
797,25.0620159172
797.5,25.0620159172
798,25.0620159172
798.5,25.0620159172
799,25.0620159172
799.5,25.0620159172
800,25.0620159172
800.5,25.0620159172
801,25.0620159172
801.5,25.0620159172
802,25.0620159172
802.5,25.0620159172
803,25.0620159172
803.5,25.0620159172
804,25.0620159172
804.5,25.0620159172
805,25.0620159172
805.5,25.0620159172
806,25.0620159172
806.5,25.0620159172
807,25.0620159172
807.5,25.0620159172
808,25.0620159172
808.5,25.0620159172
809,25.0620159172
809.5,25.0620159172
810,25.0620159172
810.5,25.0620159172
811,25.0620159172
811.5,25.0620159172
812,25.0620159172
812.5,25.0620159172
813,25.0620159172
813.5,25.0620159172
814,25.0620159172
814.5,25.0620159172
815,25.0620159172
815.5,25.0620159172
816,25.0620159172
816.5,25.0620159172
817,25.0620159172
817.5,25.0620159172
818,25.0620159172
818.5,25.0620159172
819,25.0620159172
819.5,25.0620159172
820,25.0620159172
820.5,25.0620159172
821,25.0620159172
821.5,25.0620159172
822,25.0620159172
822.5,25.0620159172
823,25.0620159172
823.5,25.0620159172
824,25.0620159172
824.5,25.0620159172
825,25.0620159172
825.5,25.0620159172
826,25.0620159172
826.5,25.0620159172
827,25.0620159172
827.5,25.0620159172
828,25.0620159172
828.5,25.0620159172
829,25.0620159172
829.5,25.0620159172
830,25.0620159172
830.5,25.0620159172
831,25.0620159172
831.5,25.0620159172
832,25.0620159172
832.5,25.0620159172
833,25.0620159172
833.5,25.0620159172
834,25.0620159172
834.5,25.0620159172
835,25.0620159172
835.5,25.0620159172
836,25.0620159172
836.5,25.0620159172
837,25.0620159172
837.5,25.0620159172
838,25.0620159172
838.5,25.0620159172
839,25.0620159172
839.5,25.0620159172
840,25.0620159172
840.5,25.0620159172
841,25.0620159172
841.5,25.0620159172
842,25.0620159172
842.5,25.0620159172
843,25.0620159172
843.5,25.0620159172
844,25.0620159172
844.5,25.0620159172
845,25.0620159172
845.5,25.0620159172
846,25.0620159172
846.5,25.0620159172
847,25.0620159172
847.5,25.0620159172
848,25.0620159172
848.5,25.0620159172
849,25.0620159172
849.5,25.0620159172
850,25.0620159172
850.5,25.0620159172
851,25.0620159172
851.5,25.0620159172
852,25.0620159172
852.5,25.0620159172
853,25.0620159172
853.5,25.0620159172
854,25.0620159172
854.5,25.0620159172
855,25.0620159172
855.5,25.0620159172
856,25.0620159172
856.5,25.0620159172
857,25.0620159172
857.5,25.0620159172
858,25.0620159172
858.5,25.0620159172
859,25.0620159172
859.5,25.0620159172
860,25.0620159172
860.5,25.0620159172
861,25.0620159172
861.5,25.0620159172
862,25.0620159172
862.5,25.0620159172
863,25.0620159172
863.5,25.0620159172
864,25.0620159172
864.5,25.0620159172
865,25.0620159172
865.5,25.0620159172
866,25.0620159172
866.5,25.0620159172
867,25.0620159172
867.5,25.0620159172
868,25.0620159172
868.5,25.0620159172
869,25.0620159172
869.5,25.0620159172
870,25.0620159172
870.5,25.0620159172
871,25.0620159172
871.5,25.0620159172
872,25.0620159172
872.5,25.0620159172
873,25.0620159172
873.5,25.0620159172
874,25.0620159172
874.5,25.0620159172
875,25.0620159172
875.5,25.0620159172
876,25.0620159172
876.5,25.0620159172
877,25.0620159172
877.5,25.0620159172
878,25.0620159172
878.5,25.0620159172
879,25.0620159172
879.5,25.0620159172
880,25.0620159172
880.5,25.0620159172
881,25.0620159172
881.5,25.0620159172
882,25.0620159172
882.5,25.0620159172
883,25.0620159172
883.5,25.0620159172
884,25.0620159172
884.5,25.0620159172
885,25.0620159172
885.5,25.0620159172
886,25.0620159172
886.5,25.0620159172
887,25.0620159172
887.5,25.0620159172
888,25.0620159172
888.5,25.0620159172
889,25.0620159172
889.5,25.0620159172
890,25.0620159172
890.5,25.0620159172
891,25.0620159172
891.5,25.0620159172
892,25.0620159172
892.5,25.0620159172
893,25.0620159172
893.5,25.0620159172
894,25.0620159172
894.5,25.0620159172
895,25.0620159172
895.5,25.0620159172
896,25.0620159172
896.5,25.0620159172
897,25.0620159172
897.5,25.0620159172
898,25.0620159172
898.5,25.0620159172
899,25.0620159172
899.5,25.0620159172
900,25.0620159172
900.5,25.0620159172
901,25.0620159172
901.5,25.0620159172
902,25.0620159172
902.5,25.0620159172
903,25.0620159172
903.5,25.0620159172
904,25.0620159172
904.5,25.0620159172
905,25.0620159172
905.5,25.0620159172
906,25.0620159172
906.5,25.0620159172
907,25.0620159172
907.5,25.0620159172
908,25.0620159172
908.5,25.0620159172
909,25.0620159172
909.5,25.0620159172
910,25.0620159172
910.5,25.0620159172
911,25.0620159172
911.5,25.0620159172
912,25.0620159172
912.5,25.0620159172
913,25.0620159172
913.5,25.0620159172
914,25.0620159172
914.5,25.0620159172
915,25.0620159172
915.5,25.0620159172
916,25.0620159172
916.5,25.0620159172
917,25.0620159172
917.5,25.0620159172
918,25.0620159172
918.5,25.0620159172
919,25.0620159172
919.5,25.0620159172
920,25.0620159172
920.5,25.0620159172
921,25.0620159172
921.5,25.0620159172
922,25.0620159172
922.5,25.0620159172
923,25.0620159172
923.5,25.0620159172
924,25.0620159172
924.5,25.0620159172
925,25.0620159172
925.5,25.0620159172
926,25.0620159172
926.5,25.0620159172
927,25.0620159172
927.5,25.0620159172
928,25.0620159172
928.5,25.0620159172
929,25.0620159172
929.5,25.0620159172
930,25.0620159172
930.5,25.0620159172
931,25.0620159172
931.5,25.0620159172
932,24.9995159162
932.5,25.0620159172
933,25.0620159172
933.5,25.0620159172
934,24.9995159162
934.5,25.0620159172
935,24.9995159162
935.5,25.0620159172
936,25.0620159172
936.5,25.0620159172
937,25.0620159172
937.5,25.0620159172
938,25.0620159172
938.5,24.9995159162
939,25.0620159172
939.5,25.0620159172
940,25.0620159172
940.5,25.0620159172
941,24.9995159162
941.5,25.0620159172
942,25.0620159172
942.5,24.9995159162
943,24.9995159162
943.5,25.0620159172
944,24.9995159162
944.5,24.9995159162
945,24.9995159162
945.5,25.0620159172
946,24.9995159162
946.5,25.0620159172
947,24.9995159162
947.5,25.0620159172
948,24.9995159162
948.5,24.9995159162
949,24.9995159162
949.5,25.0620159172
950,25.0620159172
950.5,24.9995159162
951,25.0620159172
951.5,25.0620159172
952,25.0620159172
952.5,24.9995159162
953,24.9995159162
953.5,24.9995159162
954,24.9995159162
954.5,24.9995159162
955,24.9995159162
955.5,24.9995159162
956,24.9995159162
956.5,25.0620159172
957,25.0620159172
957.5,24.9995159162
958,25.0620159172
958.5,24.9995159162
959,25.0620159172
959.5,25.0620159172
960,24.9995159162
960.5,24.9995159162
961,25.0620159172
961.5,24.9995159162
962,24.9995159162
962.5,25.0620159172
963,24.9995159162
963.5,24.9995159162
964,24.9995159162
964.5,24.9995159162
965,24.9995159162
965.5,25.0620159172
966,24.9995159162
966.5,24.9995159162
967,24.9995159162
967.5,24.9995159162
968,25.0620159172
968.5,24.9995159162
969,24.9995159162
969.5,24.9995159162
970,24.9995159162
970.5,24.9995159162
971,24.9995159162
971.5,24.9995159162
972,24.9995159162
972.5,24.9995159162
973,24.9995159162
973.5,24.9995159162
974,24.9995159162
974.5,24.9995159162
975,24.9995159162
975.5,24.9995159162
976,24.9995159162
976.5,24.9995159162
977,24.9995159162
977.5,24.9995159162
978,24.9995159162
978.5,24.9995159162
979,24.9995159162
979.5,24.9995159162
980,24.9995159162
980.5,24.9995159162
981,24.9995159162
981.5,24.9995159162
982,24.9995159162
982.5,24.9995159162
983,24.9995159162
983.5,24.9995159162
984,24.9995159162
984.5,24.9995159162
985,24.9995159162
985.5,24.9995159162
986,24.9995159162
986.5,24.9995159162
987,24.9995159162
987.5,24.9995159162
988,24.9995159162
988.5,24.9995159162
989,24.9995159162
989.5,24.9995159162
990,24.9995159162
990.5,24.9995159162
991,24.9995159162
991.5,24.9995159162
992,24.9995159162
992.5,24.9995159162
993,24.9995159162
993.5,24.9995159162
994,24.9995159162
994.5,24.9995159162
995,24.9995159162
995.5,24.9995159162
996,24.9995159162
996.5,24.9995159162
997,24.9995159162
997.5,24.9995159162
998,24.9995159162
998.5,24.9995159162
999,24.9995159162
999.5,24.9995159162
1000,24.9995159162
